EQUIPO_NOMBRE,JUGADOR_NOMBRE,GOLES_24M,PENALES_24M,PARTIDOS_EQUIPO_24M,GOLES_POR_PARTIDO,XG_ESTIMADO_PARTIDO,REMATES_ARCO_ESTIMADOS,REMATES_TOTALES_ESTIMADOS,PARTIDOS_MARCANDO_DE_5,PROB_MARCAR
MEX,Raúl Jiménez,5,0,33,0.152,0.151,0.47,1.5,2,0.179
MEX,César Montes,3,0,33,0.091,0.1,0.31,0.99,0,0.122
MEX,Julián Quiñones,3,0,33,0.091,0.1,0.31,0.99,3,0.122
MEX,Edson Álvarez,2,0,33,0.061,0.074,0.23,0.74,0,0.092
MEX,Alexis Vega,1,0,33,0.03,0.049,0.15,0.48,0,0.061
MEX,Luis Romo,1,0,33,0.03,0.049,0.15,0.48,1,0.061
MEX,Mateo Chávez,1,0,33,0.03,0.049,0.15,0.48,1,0.061
MEX,Álvaro Fidalgo,1,0,33,0.03,0.049,0.15,0.48,1,0.061
USA,Malik Tillman,4,0,33,0.121,0.126,0.39,1.25,1,0.151
USA,Diego Luna,3,0,33,0.091,0.1,0.31,0.99,0,0.122
USA,Folarin Balogun,3,0,33,0.091,0.1,0.31,0.99,2,0.122
USA,Chris Richards,2,0,33,0.061,0.074,0.23,0.74,0,0.092
USA,Patrick Agyemang,2,0,33,0.061,0.074,0.23,0.74,0,0.092
USA,Alex Freeman,1,0,33,0.03,0.049,0.15,0.48,1,0.061
USA,Auston Trusty,1,0,33,0.03,0.049,0.15,0.48,1,0.061
USA,Brenden Aaronson,1,0,33,0.03,0.049,0.15,0.48,0,0.061
CAN,Jonathan David,6,1,30,0.2,0.192,0.6,1.9,1,0.221
CAN,Nathan Saliba,3,0,30,0.1,0.108,0.34,1.08,1,0.131
CAN,Tajon Buchanan,3,0,30,0.1,0.108,0.34,1.08,0,0.131
CAN,Cyle Larin,2,0,30,0.067,0.081,0.25,0.8,2,0.099
CAN,Promise David,2,0,30,0.067,0.081,0.25,0.8,1,0.099
CAN,Ismaël Koné,1,0,30,0.033,0.053,0.16,0.52,0,0.066
CAN,Jacob Shaffelburg,1,0,30,0.033,0.053,0.16,0.52,0,0.066
CAN,Niko Sigur,1,0,30,0.033,0.053,0.16,0.52,0,0.066
ARG,Lionel Messi,12,0,25,0.48,0.416,1.3,4.13,3,0.418
ARG,Lautaro Martínez,6,1,25,0.24,0.223,0.69,2.21,1,0.251
ARG,Julián Alvarez,4,0,25,0.16,0.158,0.49,1.57,0,0.186
ARG,Thiago Almada,3,0,25,0.12,0.126,0.39,1.25,0,0.151
ARG,Alexis Mac Allister,2,0,25,0.08,0.094,0.29,0.93,0,0.115
ARG,Enzo Fernández,1,0,25,0.04,0.061,0.19,0.61,0,0.077
ARG,Giovani Lo Celso,1,0,25,0.04,0.061,0.19,0.61,1,0.077
ARG,Giuliano Simeone,1,0,25,0.04,0.061,0.19,0.61,0,0.077
BRA,Vinícius Júnior,6,0,26,0.231,0.216,0.67,2.14,3,0.244
BRA,Raphinha,5,3,26,0.192,0.184,0.57,1.83,0,0.213
BRA,Matheus Cunha,4,0,26,0.154,0.153,0.48,1.52,2,0.181
BRA,Luiz Henrique,2,0,26,0.077,0.091,0.28,0.9,0,0.111
BRA,Andreas Pereira,1,0,26,0.038,0.059,0.19,0.59,0,0.074
BRA,Bruno Guimarães,1,0,26,0.038,0.059,0.19,0.59,0,0.074
BRA,Casemiro,1,0,26,0.038,0.059,0.19,0.59,1,0.074
BRA,Estêvão Willian,1,0,26,0.038,0.059,0.19,0.59,0,0.074
URU,Rodrigo Aguirre,3,0,26,0.115,0.122,0.38,1.21,0,0.147
URU,Giorgian de Arrascaeta,2,0,26,0.077,0.091,0.28,0.9,0,0.111
URU,Maximiliano Araújo,2,0,26,0.077,0.091,0.28,0.9,2,0.111
URU,Agustín Canobbio,1,0,26,0.038,0.059,0.19,0.59,1,0.074
URU,Federico Valverde,1,0,26,0.038,0.059,0.19,0.59,0,0.074
URU,Federico Viñas,1,0,26,0.038,0.059,0.19,0.59,0,0.074
URU,Luis Suárez,1,0,26,0.038,0.059,0.19,0.59,0,0.074
URU,Manuel Ugarte,1,0,26,0.038,0.059,0.19,0.59,0,0.074
COL,Luis Díaz,7,0,27,0.259,0.239,0.75,2.38,1,0.267
COL,Luis Suárez,4,0,27,0.148,0.148,0.46,1.47,0,0.176
COL,Daniel Muñoz,3,0,27,0.111,0.118,0.37,1.17,2,0.142
COL,James Rodríguez,3,2,27,0.111,0.118,0.37,1.17,0,0.142
COL,Jhon Córdoba,3,0,27,0.111,0.118,0.37,1.17,0,0.142
COL,Jhon Durán,2,0,27,0.074,0.088,0.27,0.87,0,0.108
COL,Juan Fernando Quintero,2,0,27,0.074,0.088,0.27,0.87,0,0.108
COL,Andrés Gómez,1,0,27,0.037,0.058,0.18,0.57,0,0.072
ECU,Enner Valencia,6,2,25,0.24,0.223,0.69,2.21,0,0.251
ECU,Gonzalo Plata,3,0,25,0.12,0.126,0.39,1.25,1,0.151
ECU,Alan Minda,1,0,25,0.04,0.061,0.19,0.61,0,0.077
ECU,Kevin Rodríguez,1,0,25,0.04,0.061,0.19,0.61,0,0.077
ECU,Nilson Angulo,1,0,25,0.04,0.061,0.19,0.61,1,0.077
PER,Alexander Callens,1,0,19,0.053,0.076,0.24,0.75,0,0.094
PER,Andy Polo,1,0,19,0.053,0.076,0.24,0.75,0,0.094
PER,Edison Flores,1,0,19,0.053,0.076,0.24,0.75,0,0.094
PER,Miguel Araujo,1,0,19,0.053,0.076,0.24,0.75,0,0.094
PER,Paolo Guerrero,1,0,19,0.053,0.076,0.24,0.75,0,0.094
CHI,Eduardo Vargas,3,0,20,0.15,0.15,0.47,1.49,0,0.177
CHI,Lucas Cepeda,2,0,20,0.1,0.112,0.35,1.11,0,0.135
FRA,Kylian Mbappé,13,3,27,0.481,0.421,1.31,4.18,3,0.422
FRA,Ousmane Dembélé,6,0,27,0.222,0.209,0.65,2.08,2,0.238
FRA,Bradley Barcola,5,0,27,0.185,0.179,0.56,1.77,2,0.207
FRA,Randal Kolo Muani,5,1,27,0.185,0.179,0.56,1.77,0,0.207
FRA,Michael Olise,4,0,27,0.148,0.148,0.46,1.47,0,0.176
FRA,Adrien Rabiot,3,0,27,0.111,0.118,0.37,1.17,0,0.142
FRA,Christopher Nkunku,2,0,27,0.074,0.088,0.27,0.87,0,0.108
FRA,Jean-Philippe Mateta,2,0,27,0.074,0.088,0.27,0.87,0,0.108
ENG,Harry Kane,17,4,27,0.63,0.542,1.69,5.38,3,0.506
ENG,Declan Rice,3,0,27,0.111,0.118,0.37,1.17,0,0.142
ENG,Eberechi Eze,3,0,27,0.111,0.118,0.37,1.17,0,0.142
ENG,Jude Bellingham,3,0,27,0.111,0.118,0.37,1.17,2,0.142
ENG,Anthony Gordon,2,0,27,0.074,0.088,0.27,0.87,0,0.108
ENG,Marcus Rashford,2,1,27,0.074,0.088,0.27,0.87,1,0.108
ENG,Ollie Watkins,2,0,27,0.074,0.088,0.27,0.87,0,0.108
ENG,Jack Grealish,2,0,27,0.074,0.088,0.27,0.87,0,0.108
ESP,Mikel Oyarzabal,13,3,26,0.5,0.434,1.35,4.31,1,0.431
ESP,Mikel Merino,9,0,26,0.346,0.309,0.96,3.07,0,0.331
ESP,Lamine Yamal,5,1,26,0.192,0.184,0.57,1.83,1,0.213
ESP,Dani Olmo,3,0,26,0.115,0.122,0.38,1.21,0,0.147
ESP,Ferran Torres,3,0,26,0.115,0.122,0.38,1.21,0,0.147
ESP,Pedri,3,0,26,0.115,0.122,0.38,1.21,0,0.147
ESP,Nico Williams,3,0,26,0.115,0.122,0.38,1.21,0,0.147
ESP,Martin Zubimendi,2,0,26,0.077,0.091,0.28,0.9,0,0.111
GER,Deniz Undav,6,0,25,0.24,0.223,0.69,2.21,2,0.251
GER,Florian Wirtz,6,0,25,0.24,0.223,0.69,2.21,0,0.251
GER,Kai Havertz,5,2,25,0.2,0.19,0.59,1.89,2,0.219
GER,Tim Kleindienst,4,0,25,0.16,0.158,0.49,1.57,0,0.186
GER,Nick Woltemade,4,0,25,0.16,0.158,0.49,1.57,0,0.186
GER,Jamal Musiala,4,0,25,0.16,0.158,0.49,1.57,1,0.186
GER,Joshua Kimmich,4,2,25,0.16,0.158,0.49,1.57,0,0.186
GER,Leroy Sané,4,0,25,0.16,0.158,0.49,1.57,1,0.186
ITA,Moise Kean,9,0,20,0.45,0.381,1.19,3.78,2,0.39
ITA,Mateo Retegui,7,2,20,0.35,0.304,0.95,3.02,0,0.326
ITA,Giacomo Raspadori,5,1,20,0.25,0.227,0.71,2.25,0,0.255
ITA,Sandro Tonali,4,0,20,0.2,0.188,0.59,1.87,1,0.217
ITA,Andrea Cambiaso,3,0,20,0.15,0.15,0.47,1.49,0,0.177
ITA,Davide Frattesi,3,0,20,0.15,0.15,0.47,1.49,0,0.177
ITA,Pio Esposito,3,0,20,0.15,0.15,0.47,1.49,1,0.177
ITA,Gianluca Mancini,2,0,20,0.1,0.112,0.35,1.11,0,0.135
POR,Cristiano Ronaldo,15,2,25,0.6,0.513,1.6,5.09,1,0.487
POR,Bruno Fernandes,5,2,25,0.2,0.19,0.59,1.89,0,0.219
POR,João Neves,4,0,25,0.16,0.158,0.49,1.57,1,0.186
POR,João Félix,3,0,25,0.12,0.126,0.39,1.25,0,0.151
POR,Bernardo Silva,2,0,25,0.08,0.094,0.29,0.93,0,0.115
POR,Francisco Conceição,2,0,25,0.08,0.094,0.29,0.93,0,0.115
POR,Francisco Trincão,2,0,25,0.08,0.094,0.29,0.93,0,0.115
POR,Gonçalo Ramos,2,0,25,0.08,0.094,0.29,0.93,0,0.115
NED,Cody Gakpo,11,4,27,0.407,0.361,1.12,3.58,2,0.374
NED,Memphis Depay,9,3,27,0.333,0.3,0.93,2.98,0,0.323
NED,Donyell Malen,6,0,27,0.222,0.209,0.65,2.08,0,0.238
NED,Xavi Simons,5,1,27,0.185,0.179,0.56,1.77,0,0.207
NED,Tijjani Reijnders,5,0,27,0.185,0.179,0.56,1.77,0,0.207
NED,Denzel Dumfries,5,0,27,0.185,0.179,0.56,1.77,0,0.207
NED,Brian Brobbey,4,0,27,0.148,0.148,0.46,1.47,2,0.176
NED,Virgil van Dijk,3,0,27,0.111,0.118,0.37,1.17,1,0.142
BEL,Kevin De Bruyne,9,3,25,0.36,0.319,1.0,3.17,1,0.34
BEL,Romelu Lukaku,6,1,25,0.24,0.223,0.69,2.21,2,0.251
BEL,Youri Tielemans,6,2,25,0.24,0.223,0.69,2.21,1,0.251
BEL,Jérémy Doku,5,0,25,0.2,0.19,0.59,1.89,0,0.219
BEL,Leandro Trossard,4,0,25,0.16,0.158,0.49,1.57,1,0.186
BEL,Maxim De Cuyper,4,0,25,0.16,0.158,0.49,1.57,0,0.186
BEL,Alexis Saelemaekers,2,0,25,0.08,0.094,0.29,0.93,1,0.115
BEL,Charles De Ketelaere,2,0,25,0.08,0.094,0.29,0.93,0,0.115
CRO,Andrej Kramarić,7,0,23,0.304,0.272,0.85,2.7,0,0.298
CRO,Ivan Perišić,5,1,23,0.217,0.203,0.63,2.02,0,0.232
CRO,Ante Budimir,4,1,23,0.174,0.169,0.53,1.68,1,0.197
CRO,Nikola Vlašić,3,0,23,0.13,0.134,0.42,1.34,1,0.16
CRO,Petar Sučić,2,0,23,0.087,0.1,0.31,0.99,1,0.122
CRO,Petar Musa,2,0,23,0.087,0.1,0.31,0.99,1,0.122
CRO,Martin Baturina,2,0,23,0.087,0.1,0.31,0.99,1,0.122
CRO,Luka Modrić,2,1,23,0.087,0.1,0.31,0.99,0,0.122
SRB,Aleksandar Mitrović,5,2,20,0.25,0.227,0.71,2.25,0,0.255
SRB,Dušan Vlahović,3,0,20,0.15,0.15,0.47,1.49,0,0.177
SRB,Aleksa Terzić,1,0,20,0.05,0.073,0.23,0.73,0,0.091
SRB,Aleksandar Katai,1,0,20,0.05,0.073,0.23,0.73,1,0.091
SRB,Aleksandar Stanković,1,0,20,0.05,0.073,0.23,0.73,1,0.091
SRB,Lazar Samardžić,1,0,20,0.05,0.073,0.23,0.73,0,0.091
SRB,Nemanja Maksimović,1,0,20,0.05,0.073,0.23,0.73,0,0.091
MAR,Ismael Saibari,7,0,38,0.184,0.18,0.56,1.78,3,0.208
MAR,Brahim Díaz,6,2,38,0.158,0.157,0.49,1.56,0,0.184
MAR,Ayoub El Kaabi,4,0,38,0.105,0.111,0.35,1.11,0,0.135
MAR,Hamza Igamane,2,0,38,0.053,0.066,0.21,0.65,0,0.082
MAR,Youssef En-Nesyri,2,0,38,0.053,0.066,0.21,0.65,0,0.082
MAR,Achraf Hakimi,1,0,38,0.026,0.043,0.13,0.43,1,0.055
MAR,Azzedine Ounahi,1,0,38,0.026,0.043,0.13,0.43,0,0.055
MAR,Bilal El Khannouss,1,0,38,0.026,0.043,0.13,0.43,0,0.055
SEN,Ismaïla Sarr,6,0,31,0.194,0.186,0.58,1.85,3,0.215
SEN,Pape Gueye,5,0,31,0.161,0.159,0.5,1.58,1,0.187
SEN,Sadio Mané,5,0,31,0.161,0.159,0.5,1.58,0,0.187
SEN,Nicolas Jackson,4,1,31,0.129,0.132,0.41,1.31,0,0.158
SEN,Cherif Ndiaye,3,1,31,0.097,0.105,0.33,1.05,0,0.128
SEN,Iliman Ndiaye,3,0,31,0.097,0.105,0.33,1.05,1,0.128
SEN,Pape Matar Sarr,3,0,31,0.097,0.105,0.33,1.05,0,0.128
SEN,Habib Diallo,2,0,31,0.065,0.078,0.24,0.78,0,0.097
CMR,Bryan Mbeumo,2,0,22,0.091,0.104,0.32,1.03,0,0.126
CMR,Christian Kofane,2,0,22,0.091,0.104,0.32,1.03,2,0.126
CMR,Vincent Aboubakar,2,1,22,0.091,0.104,0.32,1.03,0,0.126
CMR,Arthur Avom,1,0,22,0.045,0.068,0.21,0.67,0,0.084
CMR,Georges-Kévin Nkoudou,1,0,22,0.045,0.068,0.21,0.67,0,0.084
CMR,Junior Tchamadeu,1,0,22,0.045,0.068,0.21,0.67,1,0.084
CMR,Karl Etta Eyong,1,0,22,0.045,0.068,0.21,0.67,0,0.084
CMR,Moumi Ngamaleu,1,0,22,0.045,0.068,0.21,0.67,0,0.084
GHA,Jordan Ayew,3,1,23,0.13,0.134,0.42,1.34,0,0.16
GHA,Thomas Partey,3,0,23,0.13,0.134,0.42,1.34,0,0.16
GHA,Alexander Djiku,2,0,23,0.087,0.1,0.31,0.99,0,0.122
GHA,Mohammed Kudus,2,0,23,0.087,0.1,0.31,0.99,0,0.122
GHA,Mohammed Salisu,2,0,23,0.087,0.1,0.31,0.99,0,0.122
GHA,Antoine Semenyo,1,0,23,0.043,0.066,0.2,0.65,0,0.082
GHA,Caleb Yirenkyi,1,0,23,0.043,0.066,0.2,0.65,1,0.082
GHA,Derrick Luckassen,1,0,23,0.043,0.066,0.2,0.65,1,0.082
NGA,Victor Osimhen,12,0,29,0.414,0.369,1.15,3.66,0,0.381
NGA,Akor Adams,4,0,29,0.138,0.14,0.44,1.39,0,0.166
NGA,Ademola Lookman,3,0,29,0.103,0.111,0.35,1.11,0,0.135
NGA,Frank Onyeka,2,0,29,0.069,0.083,0.26,0.82,0,0.102
NGA,Raphael Onyedika,2,0,29,0.069,0.083,0.26,0.82,0,0.102
NGA,Calvin Bassey,1,0,29,0.034,0.054,0.17,0.54,0,0.068
NGA,Chidera Ejuke,1,0,29,0.034,0.054,0.17,0.54,0,0.068
NGA,Paul Onuachu,1,0,29,0.034,0.054,0.17,0.54,0,0.068
TUN,Elias Achouri,3,1,31,0.097,0.105,0.33,1.05,0,0.128
TUN,Elias Saad,3,0,31,0.097,0.105,0.33,1.05,0,0.128
TUN,Hazem Mastouri,3,0,31,0.097,0.105,0.33,1.05,1,0.128
TUN,Mohamed Ali Ben Romdhane,3,1,31,0.097,0.105,0.33,1.05,0,0.128
TUN,Ali Abdi,2,2,31,0.065,0.078,0.24,0.78,0,0.097
TUN,Ferjani Sassi,2,0,31,0.065,0.078,0.24,0.78,0,0.097
TUN,Firas Chaouat,2,0,31,0.065,0.078,0.24,0.78,0,0.097
TUN,Ismaël Gharbi,2,1,31,0.065,0.078,0.24,0.78,0,0.097
ALG,Mohamed Amoura,8,2,33,0.242,0.228,0.71,2.27,0,0.257
ALG,Riyad Mahrez,6,1,33,0.182,0.177,0.55,1.76,1,0.205
ALG,Amine Gouiri,2,0,33,0.061,0.074,0.23,0.74,1,0.092
ALG,Baghdad Bounedjah,2,0,33,0.061,0.074,0.23,0.74,0,0.092
ALG,Ibrahim Maza,2,0,33,0.061,0.074,0.23,0.74,0,0.092
ALG,Mohamed El Amine Amoura,2,0,33,0.061,0.074,0.23,0.74,0,0.092
ALG,Adil Boulbina,1,0,33,0.03,0.049,0.15,0.48,0,0.061
ALG,Aïssa Mandi,1,0,33,0.03,0.049,0.15,0.48,0,0.061
EGY,Mohamed Salah,9,2,31,0.29,0.268,0.83,2.66,1,0.294
EGY,Omar Marmoush,3,1,31,0.097,0.105,0.33,1.05,0,0.128
EGY,Ahmed Sayed,2,0,31,0.065,0.078,0.24,0.78,0,0.097
EGY,Emam Ashour,1,0,31,0.032,0.051,0.16,0.51,1,0.065
EGY,Ibrahim Adel,1,0,31,0.032,0.051,0.16,0.51,0,0.065
EGY,Mahmoud Saber,1,0,31,0.032,0.051,0.16,0.51,1,0.065
EGY,Marwan Attia,1,0,31,0.032,0.051,0.16,0.51,0,0.065
EGY,Mohamed Hamdy,1,0,31,0.032,0.051,0.16,0.51,0,0.065
JPN,Daichi Kamada,6,0,23,0.261,0.238,0.74,2.36,2,0.266
JPN,Ayase Ueda,4,1,23,0.174,0.169,0.53,1.68,1,0.197
JPN,Hidemasa Morita,3,0,23,0.13,0.134,0.42,1.34,0,0.16
JPN,Takumi Minamino,3,0,23,0.13,0.134,0.42,1.34,0,0.16
JPN,Takefusa Kubo,3,0,23,0.13,0.134,0.42,1.34,0,0.16
JPN,Kōki Ogawa,3,0,23,0.13,0.134,0.42,1.34,0,0.16
JPN,Daizen Maeda,2,0,23,0.087,0.1,0.31,0.99,1,0.122
JPN,Junya Itō,2,0,23,0.087,0.1,0.31,0.99,1,0.122
KOR,Oh Hyeon-gyu,5,0,23,0.217,0.203,0.63,2.02,1,0.232
KOR,Lee Jae-sung,4,0,23,0.174,0.169,0.53,1.68,0,0.197
KOR,Son Heung-min,3,1,23,0.13,0.134,0.42,1.34,0,0.16
KOR,Hwang Hee-chan,2,0,23,0.087,0.1,0.31,0.99,0,0.122
KOR,Oh Se-hun,2,0,23,0.087,0.1,0.31,0.99,0,0.122
KOR,Bae Jun-ho,1,0,23,0.043,0.066,0.2,0.65,0,0.082
KOR,Hwang In-beom,1,0,23,0.043,0.066,0.2,0.65,1,0.082
KOR,Joo Min-kyu,1,0,23,0.043,0.066,0.2,0.65,0,0.082
IRN,Mehdi Taremi,5,0,21,0.238,0.219,0.68,2.17,0,0.247
IRN,Mohammad Mohebi,5,0,21,0.238,0.219,0.68,2.17,1,0.247
IRN,Sardar Azmoun,4,0,21,0.19,0.181,0.57,1.8,0,0.21
IRN,Mehdi Ghayedi,2,0,21,0.095,0.107,0.33,1.07,0,0.13
IRN,Ramin Rezaeian,2,0,21,0.095,0.107,0.33,1.07,2,0.13
IRN,Amirhossein Hosseinzadeh,1,0,21,0.048,0.07,0.22,0.7,0,0.087
IRN,Mohammad Mehdi Mohebi,1,0,21,0.048,0.07,0.22,0.7,0,0.087
IRN,Saleh Hardani,1,0,21,0.048,0.07,0.22,0.7,0,0.087
AUS,Jackson Irvine,3,0,23,0.13,0.134,0.42,1.34,0,0.16
AUS,Nishan Velupillay,3,0,23,0.13,0.134,0.42,1.34,0,0.16
AUS,Connor Metcalfe,2,0,23,0.087,0.1,0.31,0.99,1,0.122
AUS,Kusini Yengi,2,0,23,0.087,0.1,0.31,0.99,0,0.122
AUS,Lewis Miller,2,0,23,0.087,0.1,0.31,0.99,0,0.122
AUS,Aziz Behich,1,0,23,0.043,0.066,0.2,0.65,0,0.082
AUS,Craig Goodwin,1,0,23,0.043,0.066,0.2,0.65,0,0.082
AUS,Martin Boyle,1,1,23,0.043,0.066,0.2,0.65,0,0.082
KSA,Firas Al-Buraikan,3,1,38,0.079,0.089,0.28,0.88,0,0.109
KSA,Abdulrahman Al-Aboud,2,0,38,0.053,0.066,0.21,0.65,0,0.082
KSA,Hassan Kadesh,2,0,38,0.053,0.066,0.21,0.65,0,0.082
KSA,Musab Al-Juwayr,2,0,38,0.053,0.066,0.21,0.65,0,0.082
KSA,Abdulelah Al-Amri,1,0,38,0.026,0.043,0.13,0.43,1,0.055
KSA,Saleh Abu Al-Shamat,1,0,38,0.026,0.043,0.13,0.43,0,0.055
KSA,Saleh Al-Shehri,1,1,38,0.026,0.043,0.13,0.43,0,0.055
KSA,Salem Al-Dawsari,1,0,38,0.026,0.043,0.13,0.43,0,0.055
QAT,Almoez Ali,5,0,27,0.185,0.179,0.56,1.77,0,0.207
QAT,Akram Afif,2,1,27,0.074,0.088,0.27,0.87,0,0.108
QAT,Ibrahim Al-Hassan,2,0,27,0.074,0.088,0.27,0.87,0,0.108
QAT,Lucas Mendes,2,0,27,0.074,0.088,0.27,0.87,0,0.108
QAT,Ahmed Al Ganehi,1,0,27,0.037,0.058,0.18,0.57,0,0.072
QAT,Ahmed Al-Rawi,1,0,27,0.037,0.058,0.18,0.57,0,0.072
QAT,Ahmed Alaaeldin,1,0,27,0.037,0.058,0.18,0.57,0,0.072
QAT,Boualem Khoukhi,1,0,27,0.037,0.058,0.18,0.57,0,0.072
CRC,Alonso Martínez,6,0,26,0.231,0.216,0.67,2.14,0,0.244
CRC,Manfred Ugalde,5,3,26,0.192,0.184,0.57,1.83,0,0.213
CRC,Francisco Calvo,3,1,26,0.115,0.122,0.38,1.21,0,0.147
CRC,Josimar Alcócer,3,0,26,0.115,0.122,0.38,1.21,0,0.147
CRC,Warren Madrigal,3,0,26,0.115,0.122,0.38,1.21,0,0.147
CRC,Alejandro Bran,1,0,26,0.038,0.059,0.19,0.59,0,0.074
CRC,Alexis Gamboa,1,0,26,0.038,0.059,0.19,0.59,0,0.074
CRC,Jeyland Mitchell,1,0,26,0.038,0.059,0.19,0.59,0,0.074
PAN,Ismael Díaz,8,2,31,0.258,0.241,0.75,2.39,0,0.269
PAN,Eduardo Guerrero,3,1,31,0.097,0.105,0.33,1.05,0,0.128
PAN,José Fajardo,3,0,31,0.097,0.105,0.33,1.05,0,0.128
PAN,Tomás Rodríguez,3,0,31,0.097,0.105,0.33,1.05,0,0.128
PAN,Cecilio Waterman,2,0,31,0.065,0.078,0.24,0.78,0,0.097
PAN,César Yanis,2,0,31,0.065,0.078,0.24,0.78,0,0.097
PAN,Eric Davis,2,1,31,0.065,0.078,0.24,0.78,0,0.097
PAN,Carlos Harvey,1,0,31,0.032,0.051,0.16,0.51,0,0.065
HON,Romell Quioto,3,0,24,0.125,0.13,0.41,1.29,1,0.155
HON,Alexy Vega,2,0,24,0.083,0.097,0.3,0.96,0,0.118
HON,Anthony Lozano,2,0,24,0.083,0.097,0.3,0.96,1,0.118
HON,Dixon Ramírez,1,0,24,0.042,0.063,0.2,0.63,0,0.079
HON,Getsel Montes,1,0,24,0.042,0.063,0.2,0.63,0,0.079
HON,Jorge Álvarez,1,0,24,0.042,0.063,0.2,0.63,0,0.079
HON,Luis Palma,1,0,24,0.042,0.063,0.2,0.63,0,0.079
HON,Rigoberto Rivas,1,0,24,0.042,0.063,0.2,0.63,1,0.079
JAM,Jon Russell,3,0,29,0.103,0.111,0.35,1.11,0,0.135
JAM,Warner Brown,3,0,29,0.103,0.111,0.35,1.11,0,0.135
JAM,Bailey Cadamarteri,2,0,29,0.069,0.083,0.26,0.82,1,0.102
JAM,Renaldo Cephas,2,0,29,0.069,0.083,0.26,0.82,0,0.102
JAM,Shamar Nicholson,2,0,29,0.069,0.083,0.26,0.82,0,0.102
JAM,Amari'i Bell,1,0,29,0.034,0.054,0.17,0.54,0,0.068
JAM,Bobby De Cordova-Reid,1,0,29,0.034,0.054,0.17,0.54,0,0.068
JAM,Damion Lowe,1,0,29,0.034,0.054,0.17,0.54,0,0.068
PAR,Julio Enciso,4,1,24,0.167,0.163,0.51,1.62,1,0.191
PAR,Antonio Sanabria,3,0,24,0.125,0.13,0.41,1.29,0,0.155
PAR,Matías Galarza,3,0,24,0.125,0.13,0.41,1.29,1,0.155
PAR,Omar Alderete,2,0,24,0.083,0.097,0.3,0.96,0,0.118
PAR,Diego Gómez,1,0,24,0.042,0.063,0.2,0.63,0,0.079
PAR,Júnior Alonso,1,0,24,0.042,0.063,0.2,0.63,0,0.079
PAR,Maurício,1,0,24,0.042,0.063,0.2,0.63,1,0.079
PAR,Miguel Almirón,1,0,24,0.042,0.063,0.2,0.63,0,0.079
NOR,Erling Haaland,28,0,24,1.167,0.963,3.0,9.56,3,0.714
NOR,Alexander Sørloth,8,0,24,0.333,0.297,0.92,2.95,0,0.32
NOR,Antonio Nusa,6,0,24,0.25,0.23,0.72,2.28,1,0.258
NOR,Thelo Aasgaard,6,1,24,0.25,0.23,0.72,2.28,1,0.258
NOR,Felix Horn Myhre,2,0,24,0.083,0.097,0.3,0.96,0,0.118
NOR,Aron Dønnum,1,0,24,0.042,0.063,0.2,0.63,0,0.079
NOR,David Møller Wolfe,1,0,24,0.042,0.063,0.2,0.63,0,0.079
NOR,Jens Petter Hauge,1,0,24,0.042,0.063,0.2,0.63,0,0.079
SUI,Breel Embolo,6,1,24,0.25,0.23,0.72,2.28,1,0.258
SUI,Johan Manzambi,5,0,24,0.208,0.197,0.61,1.95,2,0.226
SUI,Granit Xhaka,3,3,24,0.125,0.13,0.41,1.29,1,0.155
SUI,Rubén Vargas,3,0,24,0.125,0.13,0.41,1.29,2,0.155
SUI,Zeki Amdouni,3,1,24,0.125,0.13,0.41,1.29,0,0.155
SUI,Dan Ndoye,2,0,24,0.083,0.097,0.3,0.96,0,0.118
SUI,Andi Zeqiri,1,1,24,0.042,0.063,0.2,0.63,0,0.079
SUI,Joël Monteiro,1,0,24,0.042,0.063,0.2,0.63,0,0.079
DEN,Rasmus Højlund,6,1,20,0.3,0.265,0.83,2.63,1,0.292
DEN,Gustav Isaksen,5,0,20,0.25,0.227,0.71,2.25,1,0.255
DEN,Mikkel Damsgaard,4,0,20,0.2,0.188,0.59,1.87,1,0.217
DEN,Patrick Dorgu,3,0,20,0.15,0.15,0.47,1.49,1,0.177
DEN,Anders Dreyer,2,0,20,0.1,0.112,0.35,1.11,0,0.135
DEN,Christian Eriksen,2,0,20,0.1,0.112,0.35,1.11,0,0.135
DEN,Joachim Andersen,2,0,20,0.1,0.112,0.35,1.11,1,0.135
DEN,Albert Grønbæk,1,0,20,0.05,0.073,0.23,0.73,0,0.091
AUT,Marko Arnautović,12,3,23,0.522,0.445,1.39,4.42,2,0.439
AUT,Michael Gregoritsch,8,0,23,0.348,0.307,0.96,3.05,0,0.329
AUT,Marcel Sabitzer,6,1,23,0.261,0.238,0.74,2.36,1,0.266
AUT,Christoph Baumgartner,3,0,23,0.13,0.134,0.42,1.34,0,0.16
AUT,Konrad Laimer,3,0,23,0.13,0.134,0.42,1.34,0,0.16
AUT,Romano Schmid,3,0,23,0.13,0.134,0.42,1.34,1,0.16
AUT,Stefan Posch,3,0,23,0.13,0.134,0.42,1.34,0,0.16
AUT,Philipp Lienhart,2,0,23,0.087,0.1,0.31,0.99,0,0.122
SCO,Scott McTominay,5,1,23,0.217,0.203,0.63,2.02,0,0.232
SCO,John McGinn,3,0,23,0.13,0.134,0.42,1.34,1,0.16
SCO,Ryan Christie,3,0,23,0.13,0.134,0.42,1.34,0,0.16
SCO,Che Adams,2,0,23,0.087,0.1,0.31,0.99,0,0.122
SCO,Andy Robertson,1,0,23,0.043,0.066,0.2,0.65,0,0.082
SCO,Ben Gannon-Doak,1,0,23,0.043,0.066,0.2,0.65,0,0.082
SCO,Billy Gilmour,1,0,23,0.043,0.066,0.2,0.65,0,0.082
SCO,Kenny McLean,1,0,23,0.043,0.066,0.2,0.65,0,0.082
CIV,Amad Diallo,6,0,28,0.214,0.203,0.63,2.01,2,0.232
CIV,Evann Guessand,3,0,28,0.107,0.115,0.36,1.14,0,0.139
CIV,Franck Kessié,3,0,28,0.107,0.115,0.36,1.14,1,0.139
CIV,Yan Diomande,3,0,28,0.107,0.115,0.36,1.14,0,0.139
CIV,Bazoumana Touré,2,0,28,0.071,0.085,0.27,0.85,0,0.105
CIV,Nicolas Pépé,2,0,28,0.071,0.085,0.27,0.85,1,0.105
CIV,Emmanuel Agbadou,1,0,28,0.036,0.056,0.17,0.55,0,0.07
CIV,Guéla Doué,1,0,28,0.036,0.056,0.17,0.55,0,0.07
UZB,Abbosbek Fayzullaev,5,0,23,0.217,0.203,0.63,2.02,1,0.232
UZB,Eldor Shomurodov,3,0,23,0.13,0.134,0.42,1.34,1,0.16
UZB,Azizbek Turgunboev,1,0,23,0.043,0.066,0.2,0.65,0,0.082
UZB,Husniddin Aliqulov,1,0,23,0.043,0.066,0.2,0.65,0,0.082
UZB,Igor Sergeev,1,0,23,0.043,0.066,0.2,0.65,0,0.082
UZB,Jaloliddin Masharipov,1,0,23,0.043,0.066,0.2,0.65,0,0.082
UZB,Khojiakbar Alijonov,1,0,23,0.043,0.066,0.2,0.65,0,0.082
UZB,Khojimat Erkinov,1,0,23,0.043,0.066,0.2,0.65,0,0.082
JOR,Ali Olwan,6,2,34,0.176,0.173,0.54,1.71,1,0.201
JOR,Yazan Al-Naimat,5,0,34,0.147,0.148,0.46,1.46,0,0.174
JOR,Musa Al-Taamari,3,0,34,0.088,0.098,0.3,0.97,1,0.119
JOR,Abdallah Nasib,1,0,34,0.029,0.048,0.15,0.47,0,0.06
JOR,Nizar Al-Rashdan,1,0,34,0.029,0.048,0.15,0.47,1,0.06
JOR,Noor Al-Rawabdeh,1,0,34,0.029,0.048,0.15,0.47,0,0.06
JOR,Yazan Al-Arab,1,0,34,0.029,0.048,0.15,0.47,0,0.06
NZL,Chris Wood,9,0,23,0.391,0.341,1.06,3.39,0,0.358
NZL,Elijah Just,7,0,23,0.304,0.272,0.85,2.7,2,0.298
NZL,Ben Waine,2,1,23,0.087,0.1,0.31,0.99,0,0.122
NZL,Callum McCowatt,2,0,23,0.087,0.1,0.31,0.99,0,0.122
NZL,Kosta Barbarouses,2,0,23,0.087,0.1,0.31,0.99,0,0.122
NZL,Sarpreet Singh,2,0,23,0.087,0.1,0.31,0.99,0,0.122
NZL,Tyler Bindon,2,0,23,0.087,0.1,0.31,0.99,0,0.122
NZL,Finn Surman,1,0,23,0.043,0.066,0.2,0.65,1,0.082
CPV,Dailon Livramento,4,0,24,0.167,0.163,0.51,1.62,0,0.191
CPV,Willy Semedo,2,0,24,0.083,0.097,0.3,0.96,0,0.118
CPV,Diney,1,0,24,0.042,0.063,0.2,0.63,0,0.079
CPV,Hélio Varela,1,0,24,0.042,0.063,0.2,0.63,1,0.079
CPV,Jovane Cabral,1,0,24,0.042,0.063,0.2,0.63,0,0.079
CPV,Kevin Pina,1,0,24,0.042,0.063,0.2,0.63,1,0.079
CPV,Sidny Lopes Cabral,1,0,24,0.042,0.063,0.2,0.63,0,0.079
CPV,Stopira,1,0,24,0.042,0.063,0.2,0.63,0,0.079
